Time,HR (bpm),Speed (mi/h),Pace (min/mi),Distances (ft)
2020-06-14 15:25:36,98,0.0,0.0,0.0
2020-06-14 15:25:37,99,0.0,0.0,0.0
2020-06-14 15:25:38,98,2.7,22.1,0.0
2020-06-14 15:25:39,95,2.7,22.2,8.5
2020-06-14 15:25:40,93,2.7,22.0,17.0
2020-06-14 15:25:41,92,2.7,21.8,25.5
2020-06-14 15:25:42,91,2.8,21.8,34.0
2020-06-14 15:25:43,92,2.7,22.6,42.5
2020-06-14 15:25:44,93,2.7,21.9,51.0
2020-06-14 15:25:45,95,2.8,21.1,59.5
2020-06-14 15:25:46,96,2.9,20.9,68.0
2020-06-14 15:25:47,101,2.9,21.0,76.5
2020-06-14 15:25:48,103,2.9,21.0,85.0
2020-06-14 15:25:49,104,2.7,22.6,93.5
2020-06-14 15:25:50,105,2.5,23.9,102.0
2020-06-14 15:25:51,106,2.5,23.9,110.5
2020-06-14 15:25:52,106,2.5,23.9,119.0
2020-06-14 15:25:53,106,2.5,23.9,127.5
2020-06-14 15:25:54,107,2.5,24.0,136.0
2020-06-14 15:25:55,106,2.5,23.8,144.51
2020-06-14 15:25:56,106,2.5,23.6,153.01
2020-06-14 15:25:57,106,2.6,22.8,161.51
2020-06-14 15:25:58,105,2.7,22.3,167.08
2020-06-14 15:25:59,104,2.8,21.6,175.58
2020-06-14 15:26:00,103,2.8,21.2,177.63
2020-06-14 15:26:01,103,2.8,21.6,184.66
2020-06-14 15:26:02,103,2.8,21.6,184.66
2020-06-14 15:26:03,103,2.7,22.1,193.07
2020-06-14 15:26:04,103,2.7,22.6,197.26
2020-06-14 15:26:05,103,2.7,22.4,202.12
2020-06-14 15:26:06,103,2.7,22.2,207.69
2020-06-14 15:26:07,102,2.7,22.2,207.69
2020-06-14 15:26:08,102,2.5,23.8,212.78
2020-06-14 15:26:09,102,2.3,26.0,216.99
2020-06-14 15:26:10,103,2.3,26.7,223.04
2020-06-14 15:26:11,103,2.3,26.7,223.04
2020-06-14 15:26:12,103,2.3,26.7,223.04
2020-06-14 15:26:13,105,2.4,25.0,226.85
2020-06-14 15:26:14,106,2.5,23.8,231.25
2020-06-14 15:26:15,107,2.5,23.8,231.25
2020-06-14 15:26:16,106,2.4,24.6,238.67
2020-06-14 15:26:17,106,2.2,27.1,241.96
2020-06-14 15:26:18,106,2.1,29.0,241.96
2020-06-14 15:26:19,105,2.1,28.7,250.47
2020-06-14 15:26:20,104,2.1,28.7,254.22
2020-06-14 15:26:21,104,2.1,28.5,260.79
2020-06-14 15:26:22,105,2.1,28.3,265.62
2020-06-14 15:26:23,106,2.0,29.4,269.0
2020-06-14 15:26:24,107,2.0,29.9,276.21
2020-06-14 15:26:25,107,2.1,28.6,282.78
2020-06-14 15:26:26,107,2.1,29.1,286.71
2020-06-14 15:26:27,107,2.2,26.8,294.65
2020-06-14 15:26:28,107,2.2,26.8,294.65
2020-06-14 15:26:29,107,2.8,21.8,302.46
2020-06-14 15:26:30,107,2.7,22.0,305.88
2020-06-14 15:26:31,108,2.8,21.1,311.81
2020-06-14 15:26:32,109,2.8,21.1,317.12
2020-06-14 15:26:33,109,2.8,21.1,317.12
2020-06-14 15:26:34,109,3.0,20.3,325.62
2020-06-14 15:26:35,110,3.1,19.3,334.06
2020-06-14 15:26:36,110,3.6,16.7,342.56
2020-06-14 15:26:37,110,3.5,16.9,351.07
2020-06-14 15:26:38,110,3.5,16.9,352.01
2020-06-14 15:26:39,110,2.8,21.6,356.37
2020-06-14 15:26:40,110,2.3,26.2,362.02
2020-06-14 15:26:41,117,2.3,26.2,362.02
2020-06-14 15:26:42,121,2.0,30.2,369.75
2020-06-14 15:26:43,123,2.0,30.4,375.52
2020-06-14 15:26:44,125,2.1,28.3,382.22
2020-06-14 15:26:45,125,2.1,28.3,382.22
2020-06-14 15:26:46,126,2.2,26.9,387.39
2020-06-14 15:26:47,127,2.5,23.7,395.89
2020-06-14 15:26:48,128,3.0,20.1,404.39
2020-06-14 15:26:49,129,3.5,17.0,412.89
2020-06-14 15:26:50,130,3.8,15.8,421.39
2020-06-14 15:26:51,131,4.0,14.9,429.89
2020-06-14 15:26:52,131,4.3,14.0,438.39
2020-06-14 15:26:53,132,4.5,13.4,446.89
2020-06-14 15:26:54,133,4.6,13.0,455.39
2020-06-14 15:26:55,133,4.7,12.6,463.89
2020-06-14 15:26:56,133,4.8,12.6,472.39
2020-06-14 15:26:57,133,4.8,12.6,480.89
2020-06-14 15:26:58,134,4.8,12.6,489.39
2020-06-14 15:26:59,134,4.7,12.9,497.89
2020-06-14 15:27:00,135,4.6,13.1,506.39
2020-06-14 15:27:01,136,4.5,13.4,514.89
2020-06-14 15:27:02,136,4.5,13.4,523.39
2020-06-14 15:27:03,136,4.4,13.7,531.89
2020-06-14 15:27:04,137,4.0,14.9,540.39
2020-06-14 15:27:05,137,3.7,16.0,548.89
2020-06-14 15:27:06,137,3.5,16.9,549.39
2020-06-14 15:27:07,138,3.5,16.9,557.89
2020-06-14 15:27:08,138,4.0,14.9,566.39
2020-06-14 15:27:09,138,4.2,14.4,574.89
2020-06-14 15:27:10,138,4.2,14.4,583.39
2020-06-14 15:27:11,139,4.2,14.4,591.89
2020-06-14 15:27:12,139,4.2,14.4,600.39
2020-06-14 15:27:13,139,4.2,14.4,604.87
2020-06-14 15:27:14,139,3.8,15.7,613.37
2020-06-14 15:27:15,140,3.5,17.1,621.87
2020-06-14 15:27:16,141,3.5,17.1,630.37
2020-06-14 15:27:17,141,3.9,15.3,638.87
2020-06-14 15:27:18,141,3.9,15.3,645.31
2020-06-14 15:27:19,141,4.1,14.5,653.48
2020-06-14 15:27:20,141,4.2,14.4,660.47
2020-06-14 15:27:21,141,4.2,14.4,660.47
2020-06-14 15:27:22,141,3.6,16.6,668.37
2020-06-14 15:27:23,142,3.6,16.8,676.87
2020-06-14 15:27:24,142,3.4,17.8,685.37
2020-06-14 15:27:25,142,3.9,15.2,693.87
2020-06-14 15:27:26,141,4.4,13.8,702.37
2020-06-14 15:27:27,142,4.4,13.5,710.87
2020-06-14 15:27:28,142,4.5,13.4,719.37
2020-06-14 15:27:29,141,4.5,13.4,727.87
2020-06-14 15:27:30,141,4.5,13.3,736.37
2020-06-14 15:27:31,140,4.4,13.6,744.87
2020-06-14 15:27:32,140,4.2,14.3,753.37
2020-06-14 15:27:33,139,3.4,17.5,761.88
2020-06-14 15:27:34,139,3.4,17.5,766.56
2020-06-14 15:27:35,139,3.0,19.7,773.67
2020-06-14 15:27:36,139,3.1,19.2,782.17
2020-06-14 15:27:37,139,3.3,18.1,790.6
2020-06-14 15:27:38,139,3.5,16.9,797.92
2020-06-14 15:27:39,139,4.0,15.1,806.42
2020-06-14 15:27:40,139,4.6,13.1,814.92
2020-06-14 15:27:41,139,4.7,12.7,823.42
2020-06-14 15:27:42,139,4.8,12.4,831.92
2020-06-14 15:27:43,139,4.9,12.3,840.42
2020-06-14 15:27:44,139,5.0,12.1,848.92
2020-06-14 15:27:45,139,5.0,11.9,857.42
2020-06-14 15:27:46,139,5.1,11.8,865.92
2020-06-14 15:27:47,139,5.2,11.6,874.42
2020-06-14 15:27:48,138,5.1,11.8,882.92
2020-06-14 15:27:49,138,5.0,12.1,891.42
2020-06-14 15:27:50,138,5.0,12.1,899.92
2020-06-14 15:27:51,138,4.8,12.6,908.42
2020-06-14 15:27:52,138,4.7,12.6,916.92
2020-06-14 15:27:53,138,4.9,12.2,925.42
2020-06-14 15:27:54,138,4.9,12.4,933.92
2020-06-14 15:27:55,138,4.8,12.4,942.42
2020-06-14 15:27:56,138,4.9,12.2,950.92
2020-06-14 15:27:57,138,4.0,14.8,959.42
2020-06-14 15:27:58,138,3.1,19.5,967.92
2020-06-14 15:27:59,138,3.1,19.5,976.42
2020-06-14 15:28:00,138,2.8,21.2,983.7
2020-06-14 15:28:01,139,2.8,21.2,983.7
2020-06-14 15:28:02,139,3.3,18.4,988.35
2020-06-14 15:28:03,139,3.3,18.4,988.35
2020-06-14 15:28:04,139,2.5,23.9,992.48
2020-06-14 15:28:05,139,2.5,23.9,992.48
2020-06-14 15:28:06,135,2.5,23.9,992.48
2020-06-14 15:28:07,135,2.5,23.9,992.48
2020-06-14 15:28:08,132,2.5,23.9,992.48
2020-06-14 15:28:09,131,2.3,26.4,1000.84
2020-06-14 15:28:10,130,2.3,26.4,1005.0
2020-06-14 15:28:11,130,2.5,24.1,1010.03
2020-06-14 15:28:12,130,2.9,20.6,1016.49
2020-06-14 15:28:13,130,3.3,18.1,1022.11
2020-06-14 15:28:14,131,3.7,16.2,1030.61
2020-06-14 15:28:15,132,3.6,16.7,1038.49
2020-06-14 15:28:16,133,3.7,16.4,1046.85
2020-06-14 15:28:17,134,3.9,15.4,1054.84
2020-06-14 15:28:18,134,4.2,14.4,1062.48
2020-06-14 15:28:19,135,4.3,14.0,1069.81
2020-06-14 15:28:20,136,4.4,13.8,1077.04
2020-06-14 15:28:21,136,4.4,13.5,1085.54
2020-06-14 15:28:22,136,4.5,13.3,1092.64
2020-06-14 15:28:23,136,4.6,13.2,1100.2
2020-06-14 15:28:24,136,4.7,12.9,1107.2
2020-06-14 15:28:25,136,4.7,12.9,1107.2
2020-06-14 15:28:26,137,4.7,12.8,1113.55
2020-06-14 15:28:27,137,4.8,12.5,1121.56
2020-06-14 15:28:28,137,4.9,12.2,1129.22
2020-06-14 15:28:29,137,4.9,12.1,1137.56
2020-06-14 15:28:30,138,5.0,11.9,1146.06
2020-06-14 15:28:31,138,5.1,11.8,1146.81
2020-06-14 15:28:32,138,5.2,11.6,1155.31
2020-06-14 15:28:33,139,5.1,11.8,1163.81
2020-06-14 15:28:34,139,5.1,11.8,1172.31
2020-06-14 15:28:35,139,5.0,12.0,1180.81
2020-06-14 15:28:36,139,5.0,12.0,1189.31
2020-06-14 15:28:37,139,5.0,12.1,1197.81
2020-06-14 15:28:38,139,5.1,11.8,1206.31
2020-06-14 15:28:39,139,5.1,11.7,1214.81
2020-06-14 15:28:40,139,5.1,11.7,1223.31
2020-06-14 15:28:41,139,5.0,11.9,1231.81
2020-06-14 15:28:42,140,5.2,11.6,1240.31
2020-06-14 15:28:43,140,5.3,11.4,1248.81
2020-06-14 15:28:44,141,5.2,11.5,1257.31
2020-06-14 15:28:45,141,5.0,12.0,1265.81
2020-06-14 15:28:46,141,5.0,12.1,1274.31
2020-06-14 15:28:47,142,5.1,11.8,1282.81
2020-06-14 15:28:48,143,5.2,11.6,1291.31
2020-06-14 15:28:49,143,5.3,11.3,1299.82
2020-06-14 15:28:50,143,5.3,11.3,1308.32
2020-06-14 15:28:51,144,5.3,11.4,1316.82
2020-06-14 15:28:52,145,5.2,11.6,1325.32
2020-06-14 15:28:53,145,5.2,11.5,1333.82
2020-06-14 15:28:54,146,5.3,11.4,1342.32
2020-06-14 15:28:55,146,5.3,11.4,1350.82
2020-06-14 15:28:56,146,5.3,11.4,1359.32
2020-06-14 15:28:57,146,5.2,11.4,1367.82
2020-06-14 15:28:58,146,5.2,11.5,1376.32
2020-06-14 15:28:59,147,5.1,11.6,1384.82
2020-06-14 15:29:00,147,5.1,11.7,1393.32
2020-06-14 15:29:01,148,5.1,11.8,1401.82
2020-06-14 15:29:02,149,5.1,11.8,1410.32
2020-06-14 15:29:03,149,5.1,11.8,1418.82
2020-06-14 15:29:04,149,5.3,11.3,1427.32
2020-06-14 15:29:05,149,5.4,11.1,1435.82
2020-06-14 15:29:06,150,5.4,11.1,1444.32
2020-06-14 15:29:07,150,5.4,11.1,1452.82
2020-06-14 15:29:08,151,5.4,11.0,1461.32
2020-06-14 15:29:09,151,5.5,11.0,1469.82
2020-06-14 15:29:10,151,5.5,11.0,1478.32
2020-06-14 15:29:11,151,5.5,11.0,1486.82
2020-06-14 15:29:12,151,5.3,11.2,1495.32
2020-06-14 15:29:13,151,5.3,11.3,1503.82
2020-06-14 15:29:14,151,5.2,11.5,1512.32
2020-06-14 15:29:15,150,5.2,11.5,1520.82
2020-06-14 15:29:16,150,5.1,11.7,1529.32
2020-06-14 15:29:17,150,5.0,11.9,1537.82
2020-06-14 15:29:18,149,5.1,11.8,1546.32
2020-06-14 15:29:19,149,5.2,11.5,1554.82
2020-06-14 15:29:20,149,5.3,11.3,1563.32
2020-06-14 15:29:21,149,5.4,11.1,1571.82
2020-06-14 15:29:22,149,5.4,11.1,1580.33
2020-06-14 15:29:23,149,5.4,11.1,1588.83
2020-06-14 15:29:24,149,5.2,11.6,1597.33
2020-06-14 15:29:25,149,5.2,11.6,1605.83
2020-06-14 15:29:26,150,5.0,11.9,1614.33
2020-06-14 15:29:27,150,4.9,12.2,1622.83
2020-06-14 15:29:28,150,5.0,12.0,1631.33
2020-06-14 15:29:29,151,5.2,11.6,1639.83
2020-06-14 15:29:30,151,5.3,11.3,1648.33
2020-06-14 15:29:31,151,5.2,11.5,1656.83
2020-06-14 15:29:32,152,5.1,11.8,1665.33
2020-06-14 15:29:33,152,5.1,11.8,1673.83
2020-06-14 15:29:34,152,5.1,11.8,1682.33
2020-06-14 15:29:35,152,5.2,11.6,1690.83
2020-06-14 15:29:36,153,5.5,11.0,1699.33
2020-06-14 15:29:37,153,5.5,10.8,1707.83
2020-06-14 15:29:38,153,5.4,11.1,1716.33
2020-06-14 15:29:39,153,5.4,11.1,1724.83
2020-06-14 15:29:40,153,5.4,11.1,1733.33
2020-06-14 15:29:41,153,5.4,11.1,1741.83
2020-06-14 15:29:42,153,5.5,10.9,1750.33
2020-06-14 15:29:43,153,5.4,11.0,1758.83
2020-06-14 15:29:44,153,5.2,11.5,1765.36
2020-06-14 15:29:45,153,5.1,11.7,1771.5
2020-06-14 15:29:46,153,5.1,11.7,1778.65
2020-06-14 15:29:47,153,5.1,11.8,1783.73
2020-06-14 15:29:48,153,5.1,11.7,1792.23
2020-06-14 15:29:49,154,5.1,11.7,1800.73
2020-06-14 15:29:50,154,5.1,11.8,1808.83
2020-06-14 15:29:51,154,5.1,11.8,1817.33
2020-06-14 15:29:52,154,5.1,11.8,1821.47
2020-06-14 15:29:53,155,5.1,11.7,1829.97
2020-06-14 15:29:54,154,5.2,11.6,1837.57
2020-06-14 15:29:55,154,5.2,11.6,1846.07
2020-06-14 15:29:56,154,5.2,11.5,1854.57
2020-06-14 15:29:57,154,5.2,11.5,1861.22
2020-06-14 15:29:58,154,5.4,11.2,1869.72
2020-06-14 15:29:59,154,5.4,11.0,1870.27
2020-06-14 15:30:00,153,5.5,11.0,1878.77
2020-06-14 15:30:01,153,5.5,11.0,1885.82
2020-06-14 15:30:02,153,5.4,11.1,1894.32
2020-06-14 15:30:03,153,5.4,11.2,1900.15
2020-06-14 15:30:04,153,5.4,11.2,1908.66
2020-06-14 15:30:05,152,5.4,11.2,1917.16
2020-06-14 15:30:06,152,5.4,11.2,1925.66
2020-06-14 15:30:07,152,5.3,11.3,1934.16
2020-06-14 15:30:08,152,5.3,11.4,1942.66
2020-06-14 15:30:09,152,5.3,11.4,1951.16
2020-06-14 15:30:10,152,5.3,11.4,1957.52
2020-06-14 15:30:11,152,5.2,11.5,1966.02
2020-06-14 15:30:12,152,5.2,11.5,1972.01
2020-06-14 15:30:13,152,5.2,11.6,1979.47
2020-06-14 15:30:14,153,5.1,11.7,1982.78
2020-06-14 15:30:15,153,5.3,11.3,1991.05
2020-06-14 15:30:16,153,5.5,10.8,1998.69
2020-06-14 15:30:17,153,5.6,10.8,2006.64
2020-06-14 15:30:18,152,5.5,10.9,2014.64
2020-06-14 15:30:19,152,5.3,11.4,2021.7
2020-06-14 15:30:20,152,5.2,11.5,2030.2
2020-06-14 15:30:21,152,5.2,11.5,2038.7
2020-06-14 15:30:22,151,4.9,12.4,2047.2
2020-06-14 15:30:23,151,4.7,12.9,2055.7
2020-06-14 15:30:24,152,4.5,13.2,2064.2
2020-06-14 15:30:25,152,4.4,13.6,2072.7
2020-06-14 15:30:26,152,4.2,14.2,2081.2
2020-06-14 15:30:27,152,4.1,14.6,2082.76
2020-06-14 15:30:28,153,3.6,16.9,2088.06
2020-06-14 15:30:29,153,3.3,18.2,2093.2
2020-06-14 15:30:30,153,3.3,18.2,2093.2
2020-06-14 15:30:31,152,3.2,19.0,2098.66
2020-06-14 15:30:32,152,3.0,19.8,2103.52
2020-06-14 15:30:33,151,2.9,21.0,2108.59
2020-06-14 15:30:34,150,2.9,21.0,2114.5
2020-06-14 15:30:35,149,2.9,20.5,2123.0
2020-06-14 15:30:36,149,2.9,20.8,2129.9
2020-06-14 15:30:37,149,2.9,20.5,2138.4
2020-06-14 15:30:38,149,3.2,18.7,2146.9
2020-06-14 15:30:39,148,3.6,16.6,2155.4
2020-06-14 15:30:40,148,3.9,15.4,2163.9
2020-06-14 15:30:41,149,4.3,14.1,2172.4
2020-06-14 15:30:42,149,4.6,13.1,2180.9
2020-06-14 15:30:43,149,4.7,12.8,2189.4
2020-06-14 15:30:44,149,4.8,12.4,2197.9
2020-06-14 15:30:45,149,4.8,12.4,2198.81
2020-06-14 15:30:46,150,5.0,12.1,2205.71
2020-06-14 15:30:47,151,5.1,11.9,2214.21
2020-06-14 15:30:48,151,5.1,11.7,2222.71
2020-06-14 15:30:49,152,5.2,11.6,2231.21
2020-06-14 15:30:50,152,5.1,11.7,2239.71
2020-06-14 15:30:51,152,5.1,11.8,2248.21
2020-06-14 15:30:52,153,4.9,12.3,2256.71
2020-06-14 15:30:53,153,4.8,12.6,2265.21
2020-06-14 15:30:54,153,4.8,12.5,2273.71
2020-06-14 15:30:55,152,4.8,12.4,2282.21
2020-06-14 15:30:56,152,4.8,12.6,2290.71
2020-06-14 15:30:57,152,4.9,12.3,2299.21
2020-06-14 15:30:58,152,4.9,12.2,2307.72
2020-06-14 15:30:59,152,4.9,12.2,2316.22
2020-06-14 15:31:00,152,5.1,11.7,2324.72
2020-06-14 15:31:01,152,5.1,11.8,2333.22
2020-06-14 15:31:02,152,5.1,11.8,2341.72
2020-06-14 15:31:03,153,4.9,12.3,2350.22
2020-06-14 15:31:04,153,4.8,12.5,2358.72
2020-06-14 15:31:05,153,5.0,12.1,2367.22
2020-06-14 15:31:06,153,5.0,12.0,2375.72
2020-06-14 15:31:07,153,5.1,11.8,2384.22
2020-06-14 15:31:08,153,5.0,12.0,2392.72
2020-06-14 15:31:09,153,4.9,12.2,2401.22
2020-06-14 15:31:10,153,4.8,12.5,2409.72
2020-06-14 15:31:11,153,4.8,12.5,2418.22
2020-06-14 15:31:12,153,4.7,12.8,2426.72
2020-06-14 15:31:13,152,4.4,13.6,2435.22
2020-06-14 15:31:14,152,4.4,13.6,2440.81
2020-06-14 15:31:15,152,4.4,13.6,2440.81
2020-06-14 15:31:16,152,3.8,15.7,2447.15
2020-06-14 15:31:17,152,3.6,16.9,2452.95
2020-06-14 15:31:18,152,3.5,17.2,2460.16
2020-06-14 15:31:19,152,3.5,17.2,2460.16
2020-06-14 15:31:20,152,3.4,17.8,2465.2
2020-06-14 15:31:21,152,3.5,17.1,2472.67
2020-06-14 15:31:22,152,3.9,15.3,2481.17
2020-06-14 15:31:23,152,4.3,14.0,2489.23
2020-06-14 15:31:24,153,4.5,13.3,2495.49
2020-06-14 15:31:25,153,4.7,12.9,2501.49
2020-06-14 15:31:26,154,4.6,13.0,2507.2
2020-06-14 15:31:27,154,4.4,13.6,2515.7
2020-06-14 15:31:28,154,4.3,14.0,2523.03
2020-06-14 15:31:29,156,4.2,14.2,2527.05
2020-06-14 15:31:30,156,4.2,14.4,2532.84
2020-06-14 15:31:31,157,4.4,13.8,2540.6
2020-06-14 15:31:32,157,4.6,13.0,2549.1
2020-06-14 15:31:33,157,4.7,12.9,2555.54
2020-06-14 15:31:34,157,4.6,12.9,2561.48
2020-06-14 15:31:35,157,4.6,12.9,2561.48
2020-06-14 15:31:36,157,4.6,13.1,2568.61
2020-06-14 15:31:37,156,4.6,13.1,2575.65
2020-06-14 15:31:38,156,4.7,12.8,2584.15
2020-06-14 15:31:39,156,4.7,12.8,2591.35
2020-06-14 15:31:40,156,4.6,13.0,2597.16
2020-06-14 15:31:41,156,4.6,13.0,2604.41
2020-06-14 15:31:42,156,5.0,12.1,2612.91
2020-06-14 15:31:43,157,4.8,12.4,2621.41
2020-06-14 15:31:44,157,4.8,12.6,2629.91
2020-06-14 15:31:45,157,4.7,12.6,2638.41
2020-06-14 15:31:46,157,4.7,12.6,2646.91
2020-06-14 15:31:47,157,4.8,12.4,2655.41
2020-06-14 15:31:48,158,4.7,12.6,2662.34
2020-06-14 15:31:49,158,4.7,12.6,2662.34
2020-06-14 15:31:50,158,4.7,12.8,2669.22
2020-06-14 15:31:51,158,4.7,12.7,2677.72
2020-06-14 15:31:52,158,4.7,12.7,2678.32
2020-06-14 15:31:53,158,4.8,12.5,2686.82
2020-06-14 15:31:54,158,4.6,13.0,2694.83
2020-06-14 15:31:55,158,4.5,13.3,2703.13
2020-06-14 15:31:56,158,4.5,13.3,2711.63
2020-06-14 15:31:57,158,4.5,13.4,2712.99
2020-06-14 15:31:58,158,4.8,12.6,2721.49
2020-06-14 15:31:59,158,4.9,12.2,2729.99
2020-06-14 15:32:00,158,5.1,11.9,2738.49
2020-06-14 15:32:01,158,5.3,11.2,2746.99
2020-06-14 15:32:02,158,5.5,10.8,2755.49
2020-06-14 15:32:03,159,5.6,10.7,2763.99
2020-06-14 15:32:04,158,5.6,10.6,2772.49
2020-06-14 15:32:05,158,5.6,10.6,2780.99
2020-06-14 15:32:06,158,5.7,10.6,2789.49
2020-06-14 15:32:07,158,5.7,10.6,2797.99
2020-06-14 15:32:08,158,5.7,10.5,2806.49
2020-06-14 15:32:09,158,5.7,10.5,2814.99
2020-06-14 15:32:10,159,5.4,11.0,2823.49
2020-06-14 15:32:11,159,5.2,11.4,2831.99
2020-06-14 15:32:12,159,5.3,11.4,2840.49
2020-06-14 15:32:13,159,5.3,11.3,2848.99
2020-06-14 15:32:14,159,5.3,11.3,2857.49
2020-06-14 15:32:15,158,5.2,11.6,2865.99
2020-06-14 15:32:16,159,5.1,11.8,2874.49
2020-06-14 15:32:17,159,5.0,12.1,2882.99
2020-06-14 15:32:18,159,5.0,12.1,2891.49
2020-06-14 15:32:19,159,5.0,11.9,2899.99
2020-06-14 15:32:20,159,5.0,11.9,2908.49
2020-06-14 15:32:21,160,5.1,11.8,2916.99
2020-06-14 15:32:22,160,4.9,12.2,2925.5
2020-06-14 15:32:23,160,4.8,12.6,2934.0
2020-06-14 15:32:24,160,4.7,12.9,2942.5
2020-06-14 15:32:25,160,4.9,12.3,2951.0
2020-06-14 15:32:26,160,5.0,12.0,2959.5
2020-06-14 15:32:27,160,4.9,12.2,2968.0
2020-06-14 15:32:28,160,4.7,12.8,2976.5
2020-06-14 15:32:29,160,4.6,13.1,2985.0
2020-06-14 15:32:30,160,4.6,13.1,2993.5
2020-06-14 15:32:31,160,4.6,12.9,3002.0
2020-06-14 15:32:32,160,4.9,12.2,3010.5
2020-06-14 15:32:33,160,5.2,11.6,3019.0
2020-06-14 15:32:34,160,5.1,11.7,3027.5
2020-06-14 15:32:35,160,5.1,11.7,3036.0
2020-06-14 15:32:36,160,5.0,11.9,3044.5
2020-06-14 15:32:37,160,5.0,12.0,3053.0
2020-06-14 15:32:38,159,5.1,11.8,3061.5
2020-06-14 15:32:39,159,5.2,11.6,3070.0
2020-06-14 15:32:40,159,5.1,11.8,3078.5
2020-06-14 15:32:41,159,4.9,12.2,3087.0
2020-06-14 15:32:42,159,4.7,12.8,3095.5
2020-06-14 15:32:43,160,4.7,12.8,3104.0
2020-06-14 15:32:44,160,4.7,12.8,3112.5
2020-06-14 15:32:45,160,4.7,12.8,3116.2
2020-06-14 15:32:46,160,0.0,0.0,3119.81
2020-06-14 15:32:47,160,0.0,0.0,3119.81
2020-06-14 15:32:48,160,0.0,0.0,3126.34
2020-06-14 15:25:36,0,0.0,0.0,0.0
2020-06-14 15:25:36,0,0.0,0.0,0.0
2020-06-14 15:32:51,159,1.3,45.2,3141.44
2020-06-14 15:32:52,159,2.1,28.1,3149.94
2020-06-14 15:32:53,158,2.5,23.7,3156.25
2020-06-14 15:32:54,158,2.8,21.2,3164.71
2020-06-14 15:32:55,158,3.0,20.3,3171.23
2020-06-14 15:32:56,158,2.8,21.1,3176.28
2020-06-14 15:32:57,158,4.0,15.2,3184.78
2020-06-14 15:32:58,158,4.5,13.5,3193.28
2020-06-14 15:32:59,158,4.7,12.7,3201.78
2020-06-14 15:33:00,158,4.8,12.6,3210.28
2020-06-14 15:33:01,158,4.7,12.8,3218.78
2020-06-14 15:33:02,159,4.5,13.2,3227.28
2020-06-14 15:33:03,159,4.4,13.5,3235.69
2020-06-14 15:33:04,159,4.7,12.8,3244.19
2020-06-14 15:33:05,159,4.7,12.8,3252.69
2020-06-14 15:33:06,159,4.8,12.5,3261.19
2020-06-14 15:33:07,158,4.9,12.2,3269.69
2020-06-14 15:33:08,158,5.1,11.8,3278.19
2020-06-14 15:33:09,158,5.4,11.1,3286.69
2020-06-14 15:33:10,158,5.7,10.6,3295.19
2020-06-14 15:33:11,159,5.8,10.4,3303.69
2020-06-14 15:33:12,160,5.7,10.6,3312.19
2020-06-14 15:33:13,160,5.4,11.0,3320.69
2020-06-14 15:33:14,160,5.4,11.2,3329.19
2020-06-14 15:33:15,160,5.4,11.1,3337.69
2020-06-14 15:33:16,160,5.3,11.3,3346.19
2020-06-14 15:33:17,160,5.2,11.5,3354.69
2020-06-14 15:33:18,159,5.4,11.1,3363.19
2020-06-14 15:33:19,159,5.6,10.8,3371.69
2020-06-14 15:33:20,159,5.6,10.8,3380.19
2020-06-14 15:33:21,159,5.5,10.9,3388.69
2020-06-14 15:33:22,159,5.2,11.4,3397.19
2020-06-14 15:33:23,159,5.1,11.7,3405.69
2020-06-14 15:33:24,159,5.3,11.3,3414.19
2020-06-14 15:33:25,159,5.3,11.2,3422.69
2020-06-14 15:33:26,159,5.4,11.2,3431.2
2020-06-14 15:33:27,159,5.3,11.4,3439.7
2020-06-14 15:33:28,160,5.1,11.8,3448.2
2020-06-14 15:33:29,160,4.5,13.2,3456.7
2020-06-14 15:33:30,160,3.9,15.2,3465.2
2020-06-14 15:33:31,160,3.8,15.7,3473.7
2020-06-14 15:33:32,161,3.6,16.6,3482.2
2020-06-14 15:33:33,161,3.6,16.6,3489.42
2020-06-14 15:33:34,161,3.5,17.1,3497.56
2020-06-14 15:33:35,161,3.7,16.4,3506.06
2020-06-14 15:33:36,161,4.1,14.6,3514.56
2020-06-14 15:33:37,162,4.7,12.9,3523.06
2020-06-14 15:33:38,162,4.9,12.2,3531.56
2020-06-14 15:33:39,161,5.0,12.0,3540.06
2020-06-14 15:33:40,161,5.1,11.7,3548.56
2020-06-14 15:33:41,161,5.3,11.3,3557.06
2020-06-14 15:33:42,161,5.5,11.0,3565.56
2020-06-14 15:33:43,161,5.4,11.0,3574.06
2020-06-14 15:33:44,161,5.3,11.2,3582.56
2020-06-14 15:33:45,161,5.1,11.7,3591.06
2020-06-14 15:33:46,161,5.0,12.0,3599.56
2020-06-14 15:33:47,161,5.0,12.1,3608.06
2020-06-14 15:33:48,161,5.0,12.1,3616.56
2020-06-14 15:33:49,161,5.0,12.0,3625.06
2020-06-14 15:33:50,160,5.0,12.1,3633.56
2020-06-14 15:33:51,161,5.0,11.9,3642.06
2020-06-14 15:33:52,161,5.0,12.0,3650.57
2020-06-14 15:33:53,161,5.1,11.8,3659.07
2020-06-14 15:33:54,161,5.1,11.7,3667.57
2020-06-14 15:33:55,162,5.2,11.5,3676.07
2020-06-14 15:33:56,162,5.1,11.7,3684.57
2020-06-14 15:33:57,161,5.3,11.4,3693.07
2020-06-14 15:33:58,161,5.3,11.3,3701.57
2020-06-14 15:33:59,161,5.2,11.6,3710.07
2020-06-14 15:34:00,160,5.3,11.3,3718.57
2020-06-14 15:34:01,160,5.5,10.8,3727.07
2020-06-14 15:34:02,160,5.5,10.9,3735.57
2020-06-14 15:34:03,160,5.5,10.9,3744.07
2020-06-14 15:34:04,159,5.2,11.6,3752.57
2020-06-14 15:34:05,160,4.9,12.2,3761.07
2020-06-14 15:34:06,160,4.6,13.0,3769.57
2020-06-14 15:34:07,160,4.3,13.9,3778.07
2020-06-14 15:34:08,160,4.1,14.6,3786.57
2020-06-14 15:34:09,160,3.9,15.4,3795.07
2020-06-14 15:34:10,160,4.0,15.2,3803.57
2020-06-14 15:34:11,160,4.2,14.2,3812.07
2020-06-14 15:34:12,160,4.4,13.6,3820.57
2020-06-14 15:34:13,160,4.5,13.4,3829.07
2020-06-14 15:34:14,160,4.5,13.3,3837.57
2020-06-14 15:34:15,159,4.4,13.5,3846.07
2020-06-14 15:34:16,159,4.4,13.6,3854.57
2020-06-14 15:34:17,158,4.3,13.9,3862.57
2020-06-14 15:34:18,158,4.3,14.1,3862.57
2020-06-14 15:34:19,158,4.3,14.1,3862.57
2020-06-14 15:34:20,158,4.3,13.9,3871.07
2020-06-14 15:34:21,157,4.3,13.9,3873.76
2020-06-14 15:34:22,157,3.9,15.4,3879.78
2020-06-14 15:34:23,157,3.6,16.6,3879.78
2020-06-14 15:34:24,156,3.9,15.3,3888.28
2020-06-14 15:34:25,156,3.9,15.3,3892.53
2020-06-14 15:34:26,156,3.8,15.8,3901.03
2020-06-14 15:34:27,156,3.9,15.3,3909.53
2020-06-14 15:34:28,156,4.0,14.9,3916.82
2020-06-14 15:34:29,156,4.1,14.8,3925.32
2020-06-14 15:34:30,156,3.8,15.7,3933.19
2020-06-14 15:34:31,156,4.1,14.6,3941.69
2020-06-14 15:34:32,156,3.9,15.5,3947.59
2020-06-14 15:34:33,156,3.9,15.5,3947.59
2020-06-14 15:34:34,156,4.1,14.5,3956.09
2020-06-14 15:34:35,156,4.5,13.2,3964.59
2020-06-14 15:34:36,156,4.8,12.5,3973.09
2020-06-14 15:34:37,157,5.0,12.0,3981.59
2020-06-14 15:34:38,157,5.2,11.4,3990.09
2020-06-14 15:34:39,157,5.4,11.2,3998.59
2020-06-14 15:34:40,156,5.3,11.3,4007.09
2020-06-14 15:34:41,156,5.1,11.8,4015.59
2020-06-14 15:34:42,156,5.1,11.7,4024.09
2020-06-14 15:34:43,157,5.1,11.6,4032.59
2020-06-14 15:34:44,157,5.2,11.6,4041.1
2020-06-14 15:34:45,158,5.1,11.7,4049.6
2020-06-14 15:34:46,158,5.2,11.6,4058.1
2020-06-14 15:34:47,158,5.2,11.6,4066.6
2020-06-14 15:34:48,158,5.2,11.6,4075.1
2020-06-14 15:34:49,158,5.2,11.6,4077.8
2020-06-14 15:34:50,158,5.2,11.4,4086.3
2020-06-14 15:34:51,158,5.3,11.4,4094.8
2020-06-14 15:34:52,158,5.5,10.9,4103.3
2020-06-14 15:34:53,158,5.6,10.7,4111.8
2020-06-14 15:34:54,158,5.6,10.6,4120.3
2020-06-14 15:34:55,158,5.7,10.6,4128.8
2020-06-14 15:34:56,158,5.3,11.3,4137.3
2020-06-14 15:34:57,158,5.2,11.6,4145.8
2020-06-14 15:34:58,159,5.1,11.8,4154.3
2020-06-14 15:34:59,159,5.0,12.0,4162.8
2020-06-14 15:35:00,159,5.1,11.8,4171.3
2020-06-14 15:35:01,159,5.1,11.8,4179.8
2020-06-14 15:35:02,160,5.4,11.2,4188.3
2020-06-14 15:35:03,160,5.5,10.8,4196.8
2020-06-14 15:35:04,160,5.6,10.6,4205.14
2020-06-14 15:35:05,160,5.6,10.6,4205.14
2020-06-14 15:35:06,160,5.7,10.6,4213.64
2020-06-14 15:35:07,160,5.4,11.2,4222.14
2020-06-14 15:35:08,161,5.1,11.9,4230.64
2020-06-14 15:35:09,161,4.7,12.8,4238.48
2020-06-14 15:35:10,161,4.6,13.1,4245.16
2020-06-14 15:35:11,161,4.6,13.1,4253.66
2020-06-14 15:35:12,161,4.5,13.3,4262.08
2020-06-14 15:35:13,161,4.7,12.8,4269.17
2020-06-14 15:35:14,162,4.6,13.0,4273.92
2020-06-14 15:35:15,161,4.6,13.2,4278.99
2020-06-14 15:35:16,161,4.5,13.4,4284.63
2020-06-14 15:35:17,161,4.4,13.5,4289.94
2020-06-14 15:35:18,161,4.3,13.9,4294.17
2020-06-14 15:35:19,160,4.3,13.9,4294.17
2020-06-14 15:35:20,160,4.3,13.9,4294.17
2020-06-14 15:35:21,160,3.9,15.4,4301.86
2020-06-14 15:35:22,160,4.1,14.8,4309.7
2020-06-14 15:35:23,159,3.8,15.8,4314.65
2020-06-14 15:35:24,159,3.6,16.6,4314.65
2020-06-14 15:35:25,159,3.6,16.6,4314.65
2020-06-14 15:35:26,159,3.7,16.2,4323.15
2020-06-14 15:35:27,159,3.7,16.1,4331.65
2020-06-14 15:35:28,160,3.7,16.1,4340.15
2020-06-14 15:35:29,161,3.7,16.0,4348.65
2020-06-14 15:35:30,161,3.8,15.6,4357.15
2020-06-14 15:35:31,162,3.8,15.8,4365.65
2020-06-14 15:35:32,163,3.9,15.6,4374.15
2020-06-14 15:35:33,163,3.8,15.7,4382.65
2020-06-14 15:35:34,163,3.5,17.1,4391.15
2020-06-14 15:35:35,163,3.5,17.1,4397.2
2020-06-14 15:35:36,164,3.3,18.3,4402.77
2020-06-14 15:35:37,165,3.2,18.8,4408.95
2020-06-14 15:35:38,165,3.3,18.2,4415.58
2020-06-14 15:35:39,166,3.8,15.9,4424.08
2020-06-14 15:35:40,165,4.3,14.0,4432.58
2020-06-14 15:35:41,165,4.5,13.4,4441.08
2020-06-14 15:35:42,166,4.4,13.6,4448.01
2020-06-14 15:35:43,165,3.5,17.2,4456.51
2020-06-14 15:35:44,165,3.6,16.5,4465.01
2020-06-14 15:35:45,165,3.4,17.6,4471.37
2020-06-14 15:35:46,165,3.3,18.3,4478.63
2020-06-14 15:35:47,165,3.3,18.0,4485.81
2020-06-14 15:35:48,165,3.4,17.8,4485.81
2020-06-14 15:35:49,165,3.6,16.6,4494.31
2020-06-14 15:35:50,164,3.8,15.8,4502.82
2020-06-14 15:35:51,164,3.8,15.8,4509.6
2020-06-14 15:35:52,163,3.9,15.4,4517.01
2020-06-14 15:35:53,163,4.0,15.2,4525.2
2020-06-14 15:35:54,163,4.0,14.9,4532.84
2020-06-14 15:35:55,164,4.0,14.9,4539.93
2020-06-14 15:35:56,164,4.0,14.9,4539.93
2020-06-14 15:35:57,164,4.6,13.0,4548.43
2020-06-14 15:35:58,164,4.6,13.0,4556.93
2020-06-14 15:35:59,164,4.7,12.6,4565.43
2020-06-14 15:36:00,164,4.7,12.7,4573.93
2020-06-14 15:36:01,164,4.5,13.2,4582.43
2020-06-14 15:36:02,163,4.4,13.6,4590.93
2020-06-14 15:36:03,163,4.2,14.4,4599.06
2020-06-14 15:36:04,163,4.2,14.4,4599.06
2020-06-14 15:36:05,163,4.2,14.4,4599.06
2020-06-14 15:36:06,163,3.5,17.0,4605.64
2020-06-14 15:36:07,163,3.1,19.2,4605.64
2020-06-14 15:36:08,163,2.8,21.1,4614.12
2020-06-14 15:36:09,162,2.9,20.5,4621.5
2020-06-14 15:36:10,161,3.0,20.2,4621.5
2020-06-14 15:36:11,161,3.0,20.2,4621.5
2020-06-14 15:36:12,161,3.2,19.0,4630.0
2020-06-14 15:36:13,161,3.2,19.0,4638.5
2020-06-14 15:36:14,160,2.6,23.2,4647.0
2020-06-14 15:36:15,160,2.6,23.2,4649.69
2020-06-14 15:36:16,160,2.1,28.2,4658.19
2020-06-14 15:36:17,159,1.9,30.9,4666.56
2020-06-14 15:36:18,159,1.9,30.9,4666.56
2020-06-14 15:36:19,159,2.1,28.8,4672.51
2020-06-14 15:36:20,159,2.1,28.8,4672.51
2020-06-14 15:36:21,159,2.2,27.5,4672.51
2020-06-14 15:36:22,158,2.8,21.6,4681.01
2020-06-14 15:36:23,158,2.8,21.6,4682.3
2020-06-14 15:36:24,158,3.3,18.2,4690.8
2020-06-14 15:36:25,157,3.3,18.2,4691.65
2020-06-14 15:36:26,157,3.9,15.6,4699.81
2020-06-14 15:36:27,157,3.8,15.6,4708.31
2020-06-14 15:36:28,157,3.8,15.7,4709.06
2020-06-14 15:36:29,157,3.8,15.7,4709.06
2020-06-14 15:36:30,157,4.1,14.6,4717.56
2020-06-14 15:36:31,156,4.5,13.4,4726.06
2020-06-14 15:36:32,156,4.7,12.7,4734.56
2020-06-14 15:36:33,156,4.9,12.2,4743.06
2020-06-14 15:36:34,156,5.0,12.0,4751.56
2020-06-14 15:36:35,155,5.0,11.9,4760.06
2020-06-14 15:36:36,155,5.0,11.9,4767.84
2020-06-14 15:36:37,156,5.0,12.0,4775.83
2020-06-14 15:36:38,156,5.1,11.9,4784.33
2020-06-14 15:36:39,156,5.0,12.0,4792.83
2020-06-14 15:36:40,156,4.9,12.2,4801.13
2020-06-14 15:36:41,157,4.8,12.6,4808.35
2020-06-14 15:36:42,158,4.6,13.1,4814.96
2020-06-14 15:36:43,158,4.4,13.6,4823.46
2020-06-14 15:36:44,158,4.3,13.9,4831.96
2020-06-14 15:36:45,158,4.4,13.5,4840.46
2020-06-14 15:36:46,158,4.6,13.0,4848.96
2020-06-14 15:36:47,158,4.8,12.5,4857.46
2020-06-14 15:36:48,159,4.6,12.9,4865.94
2020-06-14 15:36:49,159,4.6,13.0,4873.29
2020-06-14 15:36:50,159,4.6,13.0,4879.95
2020-06-14 15:36:51,159,4.6,13.0,4879.95
2020-06-14 15:36:52,159,4.6,13.0,4884.5
2020-06-14 15:36:53,159,4.6,13.1,4889.96
2020-06-14 15:36:54,159,4.4,13.5,4895.13
2020-06-14 15:36:55,160,4.4,13.7,4901.09
2020-06-14 15:36:56,160,4.4,13.7,4907.18
2020-06-14 15:36:57,160,4.4,13.7,4907.18
2020-06-14 15:36:58,160,4.4,13.7,4907.18
2020-06-14 15:36:59,160,3.2,18.5,4913.28
2020-06-14 15:37:00,159,3.2,18.5,4913.28
2020-06-14 15:37:01,159,3.2,18.5,4913.28
2020-06-14 15:37:02,159,0.0,0.0,4917.06
2020-06-14 15:37:03,159,0.0,0.0,4917.06
2020-06-14 15:37:04,159,0.0,0.0,4923.65
2020-06-14 15:25:36,0,0.0,0.0,0.0
2020-06-14 15:37:06,159,1.1,53.3,4932.21
2020-06-14 15:37:07,158,1.8,33.2,4938.46
2020-06-14 15:37:08,158,1.8,33.2,4938.46
2020-06-14 15:37:09,158,2.3,25.8,4943.57
2020-06-14 15:37:10,158,2.9,21.0,4950.44
2020-06-14 15:37:11,158,2.9,21.0,4950.44
2020-06-14 15:37:12,158,3.1,19.4,4958.94
2020-06-14 15:37:13,159,3.5,17.0,4967.44
2020-06-14 15:37:14,159,3.6,16.8,4972.59
2020-06-14 15:37:15,158,3.5,17.0,4978.13
2020-06-14 15:37:16,158,3.7,16.0,4986.63
2020-06-14 15:37:17,157,4.1,14.8,4995.13
2020-06-14 15:37:18,157,4.3,13.9,5003.63
2020-06-14 15:37:19,156,4.5,13.2,5012.13
2020-06-14 15:37:20,156,4.5,13.4,5020.63
2020-06-14 15:37:21,156,4.2,14.3,5028.53
2020-06-14 15:37:22,156,4.2,14.3,5028.53
2020-06-14 15:37:23,156,4.2,14.3,5028.53
2020-06-14 15:37:24,156,4.2,14.3,5028.53
2020-06-14 15:37:25,154,4.2,14.3,5028.53
2020-06-14 15:37:26,154,4.2,14.3,5028.53
2020-06-14 15:37:27,152,4.2,14.3,5028.53
2020-06-14 15:37:28,152,4.2,14.3,5028.53
2020-06-14 15:37:29,149,3.1,19.4,5033.04
2020-06-14 15:37:30,148,3.0,20.2,5039.11
2020-06-14 15:37:31,147,3.5,17.1,5047.61
2020-06-14 15:37:32,147,4.2,14.4,5056.11
2020-06-14 15:37:33,148,4.7,12.9,5064.61
2020-06-14 15:37:34,149,4.9,12.2,5073.11
2020-06-14 15:37:35,150,5.2,11.6,5081.61
2020-06-14 15:37:36,151,5.2,11.4,5090.11
2020-06-14 15:37:37,152,5.4,11.1,5098.61
2020-06-14 15:37:38,152,5.5,10.8,5107.11
2020-06-14 15:37:39,153,5.2,11.6,5115.61
2020-06-14 15:37:40,153,4.9,12.2,5124.11
2020-06-14 15:37:41,154,4.8,12.4,5132.61
2020-06-14 15:37:42,154,4.8,12.6,5141.11
2020-06-14 15:37:43,154,4.6,13.1,5147.1
2020-06-14 15:37:44,154,4.6,13.1,5147.1
2020-06-14 15:37:45,154,4.6,13.0,5154.41
2020-06-14 15:37:46,154,4.8,12.6,5162.37
2020-06-14 15:37:47,154,5.0,12.0,5170.87
2020-06-14 15:37:48,154,5.2,11.6,5178.02
2020-06-14 15:37:49,154,5.3,11.4,5186.2
2020-06-14 15:37:50,154,5.4,11.1,5194.7
2020-06-14 15:37:51,153,5.3,11.3,5203.2
2020-06-14 15:37:52,153,5.2,11.5,5211.7
2020-06-14 15:37:53,153,5.2,11.6,5220.2
2020-06-14 15:37:54,152,5.0,11.9,5228.7
2020-06-14 15:37:55,153,4.8,12.4,5237.2
2020-06-14 15:37:56,153,4.9,12.3,5245.7
2020-06-14 15:37:57,154,5.0,12.0,5254.2
2020-06-14 15:37:58,154,5.0,12.0,5262.7
2020-06-14 15:37:59,154,5.0,12.0,5271.2
2020-06-14 15:38:00,155,5.0,12.0,5279.7
2020-06-14 15:38:01,155,4.9,12.3,5288.2
2020-06-14 15:38:02,156,4.9,12.3,5296.7
2020-06-14 15:38:03,156,4.9,12.4,5303.97
2020-06-14 15:38:04,157,5.2,11.5,5312.47
2020-06-14 15:38:05,157,5.3,11.4,5320.97
2020-06-14 15:38:06,158,5.3,11.4,5329.47
2020-06-14 15:38:07,158,5.3,11.3,5337.97
2020-06-14 15:38:08,159,5.4,11.2,5346.47
2020-06-14 15:38:09,159,5.2,11.5,5354.97
2020-06-14 15:38:10,159,4.9,12.3,5363.47
2020-06-14 15:38:11,159,4.5,13.3,5371.97
2020-06-14 15:38:12,160,4.3,14.1,5380.47
2020-06-14 15:38:13,160,4.1,14.7,5388.97
2020-06-14 15:38:14,160,4.0,15.1,5396.37
2020-06-14 15:38:15,160,4.0,15.1,5396.37
2020-06-14 15:38:16,160,3.9,15.4,5396.37
2020-06-14 15:38:17,160,3.5,17.2,5404.87
2020-06-14 15:38:18,160,3.2,18.9,5410.73
2020-06-14 15:38:19,160,3.0,20.3,5410.73
2020-06-14 15:38:20,160,3.0,20.0,5419.23
2020-06-14 15:38:21,160,3.2,18.8,5427.73
2020-06-14 15:38:22,159,3.3,18.0,5436.23
2020-06-14 15:38:23,159,3.3,18.0,5444.73
2020-06-14 15:38:24,159,3.3,18.0,5446.12
2020-06-14 15:38:25,158,3.1,19.4,5454.62
2020-06-14 15:38:26,158,2.9,20.5,5458.4
2020-06-14 15:38:27,158,3.1,19.7,5466.9
2020-06-14 15:38:28,157,3.1,19.2,5469.54
2020-06-14 15:38:29,157,3.2,18.9,5478.04
2020-06-14 15:38:30,156,3.2,18.8,5480.01
2020-06-14 15:38:31,156,3.2,18.8,5480.01
2020-06-14 15:38:32,156,3.1,19.4,5488.34
2020-06-14 15:38:33,156,3.0,19.8,5488.34
2020-06-14 15:38:34,155,3.0,19.9,5496.84
2020-06-14 15:38:35,154,3.0,20.0,5498.9
2020-06-14 15:38:36,154,3.2,18.6,5507.4
2020-06-14 15:38:37,153,3.3,18.0,5515.9
2020-06-14 15:38:38,153,3.2,18.9,5524.15
2020-06-14 15:38:39,152,3.2,19.0,5529.88
2020-06-14 15:38:40,152,3.2,19.0,5534.64
2020-06-14 15:38:41,151,3.3,18.1,5540.94
2020-06-14 15:38:42,150,3.4,17.6,5540.94
2020-06-14 15:38:43,149,3.4,17.8,5549.44
2020-06-14 15:38:44,149,3.9,15.4,5557.94
2020-06-14 15:38:45,149,3.9,15.4,5563.18
2020-06-14 15:38:46,150,4.2,14.2,5563.18
2020-06-14 15:38:47,150,4.3,13.8,5571.68
2020-06-14 15:38:48,150,4.1,14.6,5580.18
2020-06-14 15:38:49,151,4.4,13.5,5588.68
2020-06-14 15:38:50,151,4.7,12.8,5591.4
2020-06-14 15:38:51,151,4.9,12.4,5599.9
2020-06-14 15:38:52,152,4.4,13.7,5608.4
2020-06-14 15:38:53,152,5.2,11.5,5616.9
2020-06-14 15:38:54,152,5.5,10.8,5625.4
2020-06-14 15:38:55,153,5.6,10.7,5633.9
2020-06-14 15:38:56,154,5.7,10.6,5642.4
2020-06-14 15:38:57,155,5.7,10.6,5650.9
2020-06-14 15:38:58,155,5.7,10.5,5659.4
2020-06-14 15:38:59,155,5.5,10.9,5667.9
2020-06-14 15:39:00,156,5.5,10.9,5676.4
2020-06-14 15:39:01,156,5.5,11.0,5684.9
2020-06-14 15:39:02,157,5.4,11.0,5693.4
2020-06-14 15:39:03,157,5.4,11.0,5701.9
2020-06-14 15:39:04,157,5.4,11.2,5710.4
2020-06-14 15:39:05,157,5.3,11.2,5718.9
2020-06-14 15:39:06,157,5.3,11.2,5727.4
2020-06-14 15:39:07,157,5.4,11.0,5735.9
2020-06-14 15:39:08,157,5.6,10.8,5744.4
2020-06-14 15:39:09,157,5.7,10.5,5752.9
2020-06-14 15:39:10,157,5.7,10.6,5761.4
2020-06-14 15:39:11,158,5.4,11.1,5769.9
2020-06-14 15:39:12,158,5.3,11.4,5778.4
2020-06-14 15:39:13,158,5.1,11.8,5786.91
2020-06-14 15:39:14,159,4.9,12.2,5795.41
2020-06-14 15:39:15,158,4.7,12.8,5803.91
2020-06-14 15:39:16,158,4.6,13.0,5812.41
2020-06-14 15:39:17,158,4.8,12.5,5820.91
2020-06-14 15:39:18,158,4.8,12.5,5829.41
2020-06-14 15:39:19,158,4.9,12.2,5837.91
2020-06-14 15:39:20,158,5.0,12.0,5846.41
2020-06-14 15:39:21,158,5.0,12.0,5854.91
2020-06-14 15:39:22,158,4.9,12.2,5863.41
2020-06-14 15:39:23,159,5.1,11.8,5871.91
2020-06-14 15:39:24,159,5.3,11.2,5880.41
2020-06-14 15:39:25,159,5.3,11.3,5888.91
2020-06-14 15:39:26,159,5.2,11.5,5897.41
2020-06-14 15:39:27,159,5.2,11.6,5905.91
2020-06-14 15:39:28,158,5.1,11.7,5914.41
2020-06-14 15:39:29,158,5.1,11.8,5922.91
2020-06-14 15:39:30,159,5.1,11.7,5931.41
2020-06-14 15:39:31,159,5.2,11.5,5939.91
2020-06-14 15:39:32,159,5.2,11.6,5948.41
2020-06-14 15:39:33,159,5.2,11.4,5956.91
2020-06-14 15:39:34,159,5.6,10.7,5965.41
2020-06-14 15:39:35,159,5.6,10.7,5973.91
2020-06-14 15:39:36,158,5.7,10.6,5982.41
2020-06-14 15:39:37,158,5.7,10.6,5990.91
2020-06-14 15:39:38,158,5.6,10.7,5999.41
2020-06-14 15:39:39,158,5.6,10.8,6007.91
2020-06-14 15:39:40,158,5.6,10.8,6016.41
2020-06-14 15:39:41,158,5.5,10.9,6024.91
2020-06-14 15:39:42,159,5.6,10.8,6033.41
2020-06-14 15:39:43,159,5.3,11.3,6041.91
2020-06-14 15:39:44,159,5.1,11.8,6050.41
2020-06-14 15:39:45,159,4.9,12.2,6058.91
2020-06-14 15:39:46,159,4.6,13.1,6067.42
2020-06-14 15:39:47,159,4.1,14.8,6075.92
2020-06-14 15:39:48,159,3.6,16.8,6081.34
2020-06-14 15:39:49,160,3.6,16.8,6081.34
2020-06-14 15:39:50,160,3.1,19.5,6087.52
2020-06-14 15:39:51,160,3.1,19.5,6087.52
2020-06-14 15:39:52,160,2.9,20.4,6095.27
2020-06-14 15:39:53,160,2.8,21.5,6098.63
2020-06-14 15:39:54,159,2.7,22.1,6104.4
2020-06-14 15:39:55,159,2.6,23.2,6108.03
2020-06-14 15:39:56,158,2.6,23.5,6112.38
2020-06-14 15:39:57,158,2.8,21.6,6119.6
2020-06-14 15:39:58,158,2.9,20.8,6128.1
2020-06-14 15:39:59,157,2.9,20.9,6136.6
2020-06-14 15:40:00,156,2.9,20.8,6141.9
2020-06-14 15:40:01,156,3.0,20.1,6148.18
2020-06-14 15:40:02,155,3.0,19.8,6153.6
2020-06-14 15:40:03,155,3.0,20.2,6158.15
2020-06-14 15:40:04,154,2.9,21.0,6163.49
2020-06-14 15:40:05,153,2.8,21.2,6169.65
2020-06-14 15:40:06,153,2.9,20.4,6175.67
2020-06-14 15:40:07,151,3.0,19.8,6175.67
2020-06-14 15:40:08,151,3.0,19.8,6175.67
2020-06-14 15:40:09,151,3.1,19.6,6184.17
2020-06-14 15:40:10,149,2.9,20.4,6192.67
2020-06-14 15:40:11,149,2.5,23.9,6201.17
2020-06-14 15:40:12,148,2.4,24.8,6209.04
2020-06-14 15:40:13,148,2.6,23.1,6214.66
2020-06-14 15:40:14,147,3.0,19.9,6223.16
2020-06-14 15:40:15,147,3.1,19.0,6231.66
2020-06-14 15:40:16,146,3.1,19.3,6238.1
2020-06-14 15:40:17,146,3.1,19.4,6244.53
2020-06-14 15:40:18,146,3.0,19.7,6250.88
2020-06-14 15:40:19,145,2.9,20.6,6255.66
2020-06-14 15:40:20,144,3.0,20.0,6262.63
2020-06-14 15:40:21,144,3.0,20.0,6262.63
2020-06-14 15:40:22,143,3.3,18.1,6270.88
2020-06-14 15:40:23,143,3.5,17.0,6270.88
2020-06-14 15:40:24,142,3.4,17.5,6279.38
2020-06-14 15:40:25,142,3.2,18.8,6284.48
2020-06-14 15:40:26,142,3.0,19.7,6284.48
2020-06-14 15:40:27,141,3.2,19.0,6292.98
2020-06-14 15:40:28,141,3.4,17.8,6301.48
2020-06-14 15:40:29,141,3.8,15.7,6309.98
2020-06-14 15:40:30,142,3.7,16.4,6318.48
2020-06-14 15:40:31,142,3.8,15.8,6326.98
2020-06-14 15:40:32,142,3.9,15.4,6333.99
2020-06-14 15:40:33,142,4.2,14.4,6342.49
2020-06-14 15:40:34,142,4.4,13.8,6350.99
2020-06-14 15:40:35,141,4.2,14.4,6359.49
2020-06-14 15:40:36,142,4.1,14.8,6365.34
2020-06-14 15:40:37,142,4.1,14.8,6365.34
2020-06-14 15:40:38,142,3.6,16.6,6373.84
2020-06-14 15:40:39,142,3.6,16.6,6377.0
2020-06-14 15:40:40,143,3.6,16.6,6377.0
2020-06-14 15:40:41,143,3.4,17.7,6385.5
2020-06-14 15:40:42,144,3.3,18.2,6392.53
2020-06-14 15:40:43,143,3.2,19.0,6401.03
2020-06-14 15:40:44,143,2.7,22.1,6409.35
2020-06-14 15:40:45,141,2.5,23.6,6413.8
2020-06-14 15:40:46,141,2.5,24.1,6418.12
2020-06-14 15:40:47,141,2.5,23.6,6423.48
2020-06-14 15:40:48,141,2.7,22.1,6429.51
2020-06-14 15:40:49,141,2.8,21.2,6434.42
2020-06-14 15:40:50,140,2.8,21.1,6439.92
2020-06-14 15:40:51,140,2.8,21.1,6439.92
2020-06-14 15:40:52,140,2.8,21.1,6445.12
2020-06-14 15:40:53,139,2.9,20.5,6453.33
2020-06-14 15:40:54,139,3.0,20.2,6461.83
2020-06-14 15:40:55,138,3.1,19.3,6470.33
2020-06-14 15:40:56,137,3.1,19.5,6477.16
2020-06-14 15:40:57,137,2.9,20.8,6481.79
2020-06-14 15:40:58,137,2.7,22.4,6487.09
2020-06-14 15:40:59,137,2.3,26.1,6495.14
2020-06-14 15:41:00,136,2.5,24.2,6501.17
2020-06-14 15:41:01,136,2.6,23.5,6505.47
2020-06-14 15:41:02,136,2.6,23.0,6510.78
2020-06-14 15:41:03,136,2.5,23.8,6515.01
2020-06-14 15:41:04,135,2.6,23.3,6520.51
2020-06-14 15:41:05,134,2.7,22.5,6525.86
2020-06-14 15:41:06,134,2.7,22.5,6525.86
2020-06-14 15:41:07,135,2.8,21.1,6532.21
2020-06-14 15:41:08,135,2.9,20.4,6537.43
2020-06-14 15:41:09,135,3.0,19.8,6544.43
2020-06-14 15:41:10,135,3.0,19.8,6549.31
2020-06-14 15:41:11,135,3.0,19.7,6555.16
2020-06-14 15:41:12,135,3.0,20.0,6561.14
2020-06-14 15:41:13,135,3.0,20.0,6569.64
2020-06-14 15:41:14,136,3.1,19.3,6577.6
2020-06-14 15:41:15,136,3.2,18.7,6583.17
2020-06-14 15:41:16,136,3.8,15.7,6591.67
2020-06-14 15:41:17,138,4.2,14.2,6593.52
2020-06-14 15:41:18,139,4.3,14.1,6602.02
2020-06-14 15:41:19,140,3.8,15.7,6610.41
2020-06-14 15:41:20,141,3.8,15.7,6610.41
2020-06-14 15:41:21,141,3.8,15.7,6610.41
2020-06-14 15:41:22,141,3.6,16.5,6618.91
2020-06-14 15:41:23,141,3.8,15.9,6623.22
2020-06-14 15:41:24,142,4.0,15.1,6631.72
2020-06-14 15:41:25,142,4.5,13.4,6640.23
2020-06-14 15:41:26,142,4.8,12.5,6648.73
2020-06-14 15:41:27,143,4.8,12.5,6657.23
2020-06-14 15:41:28,143,4.6,13.0,6665.73
2020-06-14 15:41:29,144,3.9,15.4,6674.23
2020-06-14 15:41:30,144,3.6,16.8,6682.73
2020-06-14 15:41:31,145,3.3,18.1,6691.23
2020-06-14 15:41:32,145,3.1,19.2,6699.73
2020-06-14 15:41:33,144,3.0,20.1,6707.64
2020-06-14 15:41:34,144,2.9,20.8,6713.5
2020-06-14 15:41:35,144,3.0,19.7,6721.39
2020-06-14 15:41:36,143,3.1,19.6,6726.09
2020-06-14 15:41:37,143,3.1,19.6,6726.09
2020-06-14 15:41:38,142,3.1,19.5,6732.19
2020-06-14 15:41:39,142,3.1,19.5,6732.19
2020-06-14 15:41:40,141,2.9,20.8,6740.69
2020-06-14 15:41:41,141,3.0,20.2,6748.49
2020-06-14 15:41:42,141,3.0,20.0,6753.83
2020-06-14 15:41:43,141,3.0,20.1,6760.13
2020-06-14 15:41:44,140,2.9,20.4,6768.63
2020-06-14 15:41:45,140,2.8,21.5,6775.29
2020-06-14 15:41:46,139,2.8,21.6,6780.98
2020-06-14 15:41:47,138,2.9,21.0,6787.49
2020-06-14 15:41:48,138,2.9,20.4,6793.06
2020-06-14 15:41:49,137,3.1,19.4,6801.0
2020-06-14 15:41:50,137,3.1,19.2,6806.27
2020-06-14 15:41:51,137,3.1,19.1,6813.43
2020-06-14 15:41:52,137,3.0,19.8,6819.43
2020-06-14 15:41:53,138,2.9,20.6,6826.2
2020-06-14 15:41:54,138,2.9,20.6,6826.2
2020-06-14 15:41:55,138,2.7,22.3,6831.29
2020-06-14 15:41:56,138,2.6,23.2,6836.01
2020-06-14 15:41:57,138,2.6,22.8,6840.87
2020-06-14 15:41:58,137,2.9,20.8,6846.92
2020-06-14 15:41:59,137,3.0,20.1,6850.83
2020-06-14 15:42:00,136,3.1,19.4,6855.86
2020-06-14 15:42:01,135,3.0,20.1,6860.41
2020-06-14 15:42:02,134,2.7,22.0,6865.98
2020-06-14 15:42:03,134,2.5,24.2,6874.49
2020-06-14 15:42:04,134,2.6,23.3,6880.93
2020-06-14 15:42:05,134,2.8,21.6,6887.59
2020-06-14 15:42:06,134,2.9,21.0,6892.32
2020-06-14 15:42:07,132,2.9,20.7,6897.52
2020-06-14 15:42:08,132,3.0,19.7,6904.66
2020-06-14 15:42:09,132,3.3,18.4,6911.96
2020-06-14 15:42:10,132,3.3,18.0,6917.2
2020-06-14 15:42:11,132,3.3,18.0,6917.2
2020-06-14 15:42:12,131,3.2,18.8,6920.57
2020-06-14 15:42:13,131,3.0,20.1,6924.49
2020-06-14 15:42:14,131,2.9,20.7,6929.36
2020-06-14 15:42:15,131,2.8,21.2,6932.98
2020-06-14 15:42:16,130,2.8,21.3,6938.61
2020-06-14 15:42:17,130,2.8,21.4,6943.49
2020-06-14 15:42:18,130,2.9,20.8,6949.25
2020-06-14 15:42:19,129,2.9,20.8,6949.25
2020-06-14 15:42:20,129,3.1,19.3,6957.75
2020-06-14 15:42:21,129,2.9,20.8,6966.25
2020-06-14 15:42:22,129,2.3,25.5,6974.75
2020-06-14 15:42:23,129,2.1,28.6,6982.76
2020-06-14 15:42:24,129,2.1,28.9,6988.91
2020-06-14 15:42:25,130,2.1,29.1,6988.91
2020-06-14 15:42:26,130,2.0,29.8,6997.41
2020-06-14 15:42:27,129,2.0,29.8,7005.37
2020-06-14 15:42:28,129,2.0,29.8,7005.37
2020-06-14 15:42:29,129,2.0,29.8,7005.37
2020-06-14 15:42:30,129,1.9,30.9,7013.87
2020-06-14 15:42:31,129,1.9,31.7,7015.95
2020-06-14 15:42:32,128,1.8,32.6,7024.45
2020-06-14 15:42:33,129,1.8,32.6,7026.53
2020-06-14 15:42:34,129,1.8,33.0,7031.22
2020-06-14 15:42:35,129,1.7,35.2,7036.3
2020-06-14 15:42:36,129,1.7,35.2,7036.3
2020-06-14 15:42:37,129,1.6,38.2,7040.15
2020-06-14 15:42:38,129,1.6,38.2,7040.15
2020-06-14 15:42:39,129,1.6,38.6,7048.45
2020-06-14 15:42:40,130,1.5,38.8,7048.45
2020-06-14 15:42:41,130,1.5,38.8,7048.45
2020-06-14 15:42:42,130,1.7,35.8,7056.95
2020-06-14 15:42:43,131,1.8,34.0,7061.28
2020-06-14 15:42:44,131,2.1,28.2,7069.78
2020-06-14 15:42:45,131,2.4,25.3,7078.28
2020-06-14 15:42:46,131,2.4,24.6,7086.78
2020-06-14 15:42:47,131,2.5,24.2,7095.28
2020-06-14 15:42:48,130,2.8,21.6,7103.78
2020-06-14 15:42:49,129,2.8,21.5,7112.28
2020-06-14 15:42:50,128,2.8,21.5,7119.8
2020-06-14 15:42:51,128,2.3,26.3,7128.3
2020-06-14 15:42:52,128,1.9,31.0,7136.8
2020-06-14 15:42:53,128,1.8,33.1,7143.76
2020-06-14 15:42:54,128,1.7,34.4,7147.34
2020-06-14 15:42:55,128,1.6,36.8,7153.96
2020-06-14 15:42:56,128,1.8,33.9,7161.14
2020-06-14 15:42:57,126,1.8,33.0,7167.0
2020-06-14 15:42:58,126,1.8,33.0,7167.0
2020-06-14 15:42:59,126,1.9,32.4,7167.0
2020-06-14 15:43:00,125,1.9,32.1,7175.5
2020-06-14 15:43:01,125,1.9,32.0,7178.56
2020-06-14 15:43:02,124,2.2,27.7,7187.06
2020-06-14 15:43:03,125,2.4,24.5,7195.56
2020-06-14 15:43:04,125,2.5,24.4,7204.06
2020-06-14 15:43:05,126,2.4,25.1,7212.56
2020-06-14 15:43:06,126,2.3,25.7,7221.06
2020-06-14 15:43:07,127,2.2,26.8,7228.71
2020-06-14 15:43:08,126,2.2,27.0,7237.08
2020-06-14 15:43:09,126,2.3,26.6,7243.68
2020-06-14 15:43:10,126,2.3,26.1,7249.15
2020-06-14 15:43:11,125,2.4,25.0,7256.0
2020-06-14 15:43:12,125,2.5,24.4,7261.64
2020-06-14 15:43:13,124,2.5,24.4,7261.64
2020-06-14 15:43:14,124,2.2,26.8,7268.28
2020-06-14 15:43:15,124,2.2,26.8,7268.28
2020-06-14 15:43:16,124,2.0,30.0,7274.08
2020-06-14 15:43:17,124,1.8,33.4,7278.44
2020-06-14 15:43:18,124,2.0,30.5,7285.12
2020-06-14 15:43:19,125,2.2,26.9,7289.72
2020-06-14 15:43:20,125,2.4,24.9,7294.4
2020-06-14 15:43:21,126,2.3,26.2,7297.99
2020-06-14 15:43:22,125,2.2,27.2,7302.63
2020-06-14 15:43:23,125,2.1,28.0,7302.63
2020-06-14 15:43:24,124,2.2,27.0,7311.13
2020-06-14 15:43:25,124,2.2,27.0,7312.35
2020-06-14 15:43:26,122,2.1,28.4,7318.87
2020-06-14 15:43:27,122,2.1,28.2,7323.18
2020-06-14 15:43:28,122,2.1,28.2,7323.18
2020-06-14 15:43:29,122,2.1,28.4,7331.68
2020-06-14 15:43:30,122,2.1,28.4,7332.01
2020-06-14 15:43:31,122,2.3,26.3,7339.9
2020-06-14 15:43:32,123,2.3,26.3,7339.9
2020-06-14 15:43:33,123,2.0,30.4,7347.17
2020-06-14 15:43:34,123,1.7,35.8,7352.45
2020-06-14 15:43:35,123,1.5,39.4,7356.86
2020-06-14 15:43:36,124,2.2,27.6,7365.36
2020-06-14 15:43:37,124,2.2,27.6,7372.68
2020-06-14 15:43:38,124,2.1,28.6,7378.31
2020-06-14 15:43:39,124,2.2,27.3,7383.21
2020-06-14 15:43:40,124,2.1,28.0,7387.16
2020-06-14 15:43:41,124,2.0,29.6,7391.89
2020-06-14 15:43:42,123,1.9,31.6,7396.94
2020-06-14 15:43:43,123,1.8,33.7,7402.25
2020-06-14 15:43:44,123,1.8,33.7,7402.25
2020-06-14 15:43:45,123,1.7,35.2,7406.38
2020-06-14 15:43:46,123,1.8,33.7,7412.44
2020-06-14 15:43:47,123,1.8,33.2,7416.19
2020-06-14 15:43:48,123,1.8,33.8,7420.68
2020-06-14 15:43:49,124,1.8,34.2,7426.1
2020-06-14 15:43:50,124,1.7,35.2,7432.6
2020-06-14 15:43:51,124,1.7,34.7,7437.51
2020-06-14 15:43:52,124,1.6,38.6,7445.7
2020-06-14 15:43:53,124,1.6,38.6,7445.7
2020-06-14 15:43:54,124,1.5,40.0,7452.12
2020-06-14 15:43:55,123,1.6,36.4,7457.14
2020-06-14 15:43:56,123,1.8,33.6,7461.45
2020-06-14 15:43:57,123,2.1,28.8,7468.66
2020-06-14 15:43:58,124,2.4,25.0,7475.97
2020-06-14 15:43:59,124,2.4,25.0,7475.97
2020-06-14 15:44:00,125,2.2,27.8,7482.27
2020-06-14 15:44:01,125,2.2,27.8,7482.27
2020-06-14 15:44:02,124,2.1,28.7,7487.68
2020-06-14 15:44:03,124,2.0,30.2,7492.47
2020-06-14 15:44:04,124,2.0,30.2,7499.33
2020-06-14 15:44:05,123,2.1,28.3,7506.4
2020-06-14 15:44:06,122,2.4,25.3,7513.18
2020-06-14 15:44:07,122,2.4,24.7,7517.64
2020-06-14 15:44:08,122,2.0,30.4,7525.37
2020-06-14 15:44:09,123,1.9,30.8,7533.87
2020-06-14 15:44:10,123,2.0,29.9,7538.76
2020-06-14 15:44:11,123,2.1,28.9,7543.37
2020-06-14 15:44:12,123,2.2,27.6,7548.06
2020-06-14 15:44:13,123,2.2,27.2,7552.1
2020-06-14 15:44:14,123,2.2,27.1,7556.56
2020-06-14 15:44:15,123,2.2,27.1,7556.56
2020-06-14 15:44:16,123,2.2,27.1,7556.56
2020-06-14 15:44:17,122,2.3,26.6,7564.48
2020-06-14 15:44:18,122,2.2,26.8,7568.56
2020-06-14 15:44:19,122,2.4,25.5,7574.43
2020-06-14 15:44:20,122,2.4,24.6,7582.17
2020-06-14 15:44:21,123,2.4,24.6,7587.39
2020-06-14 15:44:22,123,2.5,24.3,7592.61
2020-06-14 15:44:23,124,2.4,24.6,7597.13
2020-06-14 15:44:24,123,2.4,25.5,7605.63
2020-06-14 15:44:25,123,2.4,25.2,7611.06
2020-06-14 15:44:26,123,2.4,24.6,7616.5
2020-06-14 15:44:27,122,2.5,24.5,7621.17
2020-06-14 15:44:28,122,2.4,25.0,7627.82
2020-06-14 15:44:29,122,2.4,25.1,7633.06
2020-06-14 15:44:30,122,2.5,24.3,7638.69
2020-06-14 15:44:31,123,2.5,24.0,7642.8
2020-06-14 15:44:32,124,2.3,25.8,7646.5
2020-06-14 15:44:33,124,2.3,25.8,7646.5
2020-06-14 15:44:34,124,2.4,25.1,7653.23
2020-06-14 15:44:35,125,2.4,25.1,7653.23
2020-06-14 15:44:36,125,2.5,24.4,7658.66
2020-06-14 15:44:37,125,2.5,23.9,7658.66
2020-06-14 15:44:38,125,2.3,25.6,7667.16
2020-06-14 15:44:39,125,2.3,26.6,7671.92
2020-06-14 15:44:40,125,2.3,26.4,7677.57
2020-06-14 15:44:41,125,2.4,25.4,7686.07
2020-06-14 15:44:42,125,2.3,26.2,7694.57
2020-06-14 15:44:43,124,2.2,27.6,7701.98
2020-06-14 15:44:44,124,2.1,28.6,7701.98
2020-06-14 15:44:45,123,1.7,36.0,7710.34
2020-06-14 15:44:46,123,1.4,43.5,7710.34
2020-06-14 15:44:47,124,1.2,48.5,7718.84
2020-06-14 15:44:48,124,1.1,52.4,7727.01
2020-06-14 15:44:49,124,1.1,52.4,7727.01
2020-06-14 15:44:50,125,1.5,39.3,7735.51
2020-06-14 15:44:51,128,1.8,33.7,7736.24
2020-06-14 15:44:52,128,1.9,31.0,7744.74
2020-06-14 15:44:53,129,2.0,29.4,7747.69
2020-06-14 15:44:54,130,2.0,30.2,7754.57
2020-06-14 15:44:55,131,2.0,30.2,7754.57
2020-06-14 15:44:56,132,2.1,29.2,7763.07
2020-06-14 15:44:57,132,2.2,27.8,7769.32
2020-06-14 15:44:58,131,2.2,27.8,7769.32
2020-06-14 15:44:59,131,2.2,27.8,7769.32
2020-06-14 15:45:00,131,2.0,30.0,7775.98
2020-06-14 15:45:01,130,2.0,30.0,7775.98
2020-06-14 15:45:02,129,1.7,34.6,7781.94
2020-06-14 15:45:03,128,1.6,37.8,7785.55
2020-06-14 15:45:04,127,1.7,35.0,7791.52
2020-06-14 15:45:05,127,1.7,35.0,7791.52
2020-06-14 15:45:06,126,1.8,33.6,7797.91
2020-06-14 15:45:07,126,1.8,33.6,7797.91
2020-06-14 15:45:08,126,1.8,33.0,7801.62
2020-06-14 15:45:09,125,1.8,33.0,7801.62
2020-06-14 15:45:10,125,1.8,33.5,7807.1
2020-06-14 15:45:11,125,1.8,33.5,7807.1
2020-06-14 15:45:12,127,1.9,31.6,7814.89
2020-06-14 15:45:13,127,1.8,32.8,7821.48
2020-06-14 15:45:14,127,1.8,32.6,7825.64
2020-06-14 15:45:15,127,1.8,32.6,7825.64
2020-06-14 15:45:16,127,1.9,32.2,7831.71
2020-06-14 15:45:17,126,1.9,30.9,7835.35
2020-06-14 15:45:18,125,2.0,29.5,7838.84
2020-06-14 15:45:19,125,2.0,29.5,7838.84
2020-06-14 15:45:20,125,2.1,29.1,7844.96
2020-06-14 15:45:21,126,2.1,29.1,7844.96
2020-06-14 15:45:22,126,1.8,32.9,7851.98
2020-06-14 15:45:23,127,1.7,36.0,7851.98
2020-06-14 15:45:24,127,1.7,36.0,7851.98
2020-06-14 15:45:25,127,1.5,40.0,7859.96
2020-06-14 15:45:26,125,1.5,40.2,7863.64
2020-06-14 15:45:27,123,1.6,38.4,7867.99
2020-06-14 15:45:28,122,1.6,37.1,7871.37
2020-06-14 15:45:29,120,1.7,36.0,7875.13
2020-06-14 15:45:30,119,1.7,36.0,7875.13
2020-06-14 15:45:31,119,1.5,40.5,7879.94
2020-06-14 15:45:32,120,1.6,38.6,7886.86
2020-06-14 15:45:33,121,1.6,38.6,7886.86
2020-06-14 15:45:34,121,1.6,38.6,7886.86
2020-06-14 15:45:35,121,1.4,43.3,7891.26
2020-06-14 15:45:36,121,1.4,43.3,7891.26
2020-06-14 15:45:37,121,0.0,0.0,7895.51
2020-06-14 15:25:36,0,0.0,0.0,0.0
2020-06-14 15:25:36,0,0.0,0.0,0.0
2020-06-14 15:25:36,0,0.0,0.0,0.0
2020-06-14 15:25:36,0,0.0,0.0,0.0
2020-06-14 15:45:42,118,0.9,65.7,7909.69
2020-06-14 15:45:43,118,1.2,51.1,7913.83
2020-06-14 15:45:44,118,1.2,51.1,7913.83
2020-06-14 15:45:45,118,1.4,43.3,7920.88
2020-06-14 15:45:46,118,1.3,46.0,7925.24
2020-06-14 15:45:47,118,1.3,44.6,7928.59
2020-06-14 15:45:48,118,1.4,43.8,7933.24
2020-06-14 15:45:49,117,1.3,45.6,7936.74
2020-06-14 15:45:50,117,1.2,49.4,7940.86
2020-06-14 15:45:51,117,1.2,50.1,7946.1
2020-06-14 15:45:52,117,1.2,50.1,7946.1
2020-06-14 15:45:53,118,1.3,47.8,7953.32
2020-06-14 15:45:54,118,1.4,42.6,7960.11
2020-06-14 15:45:55,118,1.4,42.6,7960.11
2020-06-14 15:45:56,119,1.5,38.9,7964.64
2020-06-14 15:45:57,119,1.5,38.9,7964.64
2020-06-14 15:45:58,119,1.6,36.8,7973.14
2020-06-14 15:45:59,119,1.6,36.7,7979.11
2020-06-14 15:46:00,119,0.0,0.0,7984.41
2020-06-14 15:46:01,119,0.0,0.0,7992.19
2020-06-14 15:46:02,119,0.0,0.0,8000.69
2020-06-14 15:46:03,120,0.0,0.0,8009.19
2020-06-14 15:25:36,0,0.0,0.0,0.0
2020-06-14 15:46:05,120,0.0,0.0,8023.63
2020-06-14 15:46:06,123,0.0,0.0,8023.63
2020-06-14 15:46:07,123,0.0,0.0,8029.62
2020-06-14 15:46:08,122,0.0,0.0,8033.1
2020-06-14 15:46:09,119,0.0,0.0,8033.1
2020-06-14 15:46:10,119,0.0,0.0,8033.1
2020-06-14 15:46:11,117,0.0,0.0,8038.22
2020-06-14 15:46:12,116,0.0,0.0,8038.22
2020-06-14 15:46:13,116,0.0,0.0,8043.0
2020-06-14 15:46:14,116,0.0,0.0,8043.0
2020-06-14 15:46:15,117,1.0,63.1,8046.8
2020-06-14 15:46:16,117,1.0,63.1,8046.8
2020-06-14 15:46:17,119,0.0,0.0,8053.14
2020-06-14 15:46:18,121,0.0,0.0,8053.14
2020-06-14 15:46:19,123,0.0,0.0,8053.14
2020-06-14 15:46:20,124,0.0,0.0,8053.14
2020-06-14 15:46:21,125,0.0,0.0,8053.14
2020-06-14 15:25:36,0,0.0,0.0,0.0
2020-06-14 15:25:36,0,0.0,0.0,0.0
2020-06-14 15:25:36,0,0.0,0.0,0.0
2020-06-14 15:25:36,0,0.0,0.0,0.0
2020-06-14 15:25:36,0,0.0,0.0,0.0
2020-06-14 15:25:36,0,0.0,0.0,0.0
2020-06-14 15:25:36,0,0.0,0.0,0.0
2020-06-14 15:25:36,0,0.0,0.0,0.0
2020-06-14 15:46:30,123,0.9,69.4,8065.32
2020-06-14 15:46:31,119,0.0,0.0,8068.66
2020-06-14 15:46:32,117,0.0,0.0,8068.66
2020-06-14 15:46:33,116,0.0,0.0,8068.66
2020-06-14 15:46:34,116,0.0,0.0,8068.66
2020-06-14 15:46:35,117,0.0,0.0,8075.84
2020-06-14 15:46:36,118,0.0,0.0,8075.84
2020-06-14 15:46:37,120,0.0,0.0,8075.84
2020-06-14 15:46:38,121,0.0,0.0,8075.84
2020-06-14 15:46:39,125,1.5,40.1,8079.64
2020-06-14 15:46:40,126,1.5,40.1,8079.64
2020-06-14 15:46:41,126,1.5,40.1,8079.64
2020-06-14 15:46:42,127,1.5,40.1,8079.64
2020-06-14 15:46:43,127,1.5,40.1,8079.64
2020-06-14 15:46:44,125,1.5,40.1,8079.64
2020-06-14 15:46:45,123,2.3,26.1,8085.05
2020-06-14 15:46:46,121,2.3,26.1,8085.05
2020-06-14 15:46:47,120,2.3,26.1,8085.05
2020-06-14 15:46:48,119,2.3,26.1,8085.05
2020-06-14 15:46:49,119,0.0,0.0,8089.11
2020-06-14 15:46:50,119,0.0,0.0,8089.11
2020-06-14 15:46:51,119,0.0,0.0,8095.21
2020-06-14 15:46:52,120,0.0,0.0,8095.21
2020-06-14 15:46:53,121,0.0,0.0,8095.21
2020-06-14 15:46:54,121,0.0,0.0,8095.21
2020-06-14 15:25:36,0,0.0,0.0,0.0
2020-06-14 15:25:36,0,0.0,0.0,0.0
2020-06-14 15:25:36,0,0.0,0.0,0.0
2020-06-14 15:25:36,0,0.0,0.0,0.0
2020-06-14 15:25:36,0,0.0,0.0,0.0
2020-06-14 15:25:36,0,0.0,0.0,0.0
2020-06-14 15:25:36,0,0.0,0.0,0.0
2020-06-14 15:25:36,0,0.0,0.0,0.0
2020-06-14 15:25:36,0,0.0,0.0,0.0
2020-06-14 15:47:04,119,0.0,0.0,8106.55
2020-06-14 15:47:05,120,0.0,0.0,8106.55
2020-06-14 15:47:06,121,0.0,0.0,8106.55
2020-06-14 15:47:07,122,0.0,0.0,8106.55
2020-06-14 15:47:08,122,0.0,0.0,8106.55
2020-06-14 15:47:09,122,0.0,0.0,8106.55
2020-06-14 15:47:10,122,0.0,0.0,8106.55
2020-06-14 15:47:11,122,0.0,0.0,8106.55
2020-06-14 15:47:12,121,0.0,0.0,8106.55
2020-06-14 15:47:13,120,0.0,0.0,8106.55
2020-06-14 15:47:14,118,0.0,0.0,8106.55
2020-06-14 15:47:15,117,0.0,0.0,8106.55
2020-06-14 15:47:16,115,0.0,0.0,8106.55
2020-06-14 15:47:17,114,0.0,0.0,8106.55
2020-06-14 15:47:18,114,0.0,0.0,8106.55
2020-06-14 15:47:19,114,0.0,0.0,8106.55
2020-06-14 15:47:20,115,0.0,0.0,8106.55
2020-06-14 15:47:21,116,0.0,0.0,8106.55
2020-06-14 15:47:22,116,0.0,0.0,8106.55
2020-06-14 15:47:23,116,0.0,0.0,8106.55
2020-06-14 15:47:24,116,0.0,0.0,8106.55
2020-06-14 15:47:25,114,0.0,0.0,8106.55
2020-06-14 15:47:26,114,0.0,0.0,8106.55
2020-06-14 15:47:27,113,0.0,0.0,8106.55
2020-06-14 15:47:28,113,0.0,0.0,8106.55
2020-06-14 15:47:29,114,0.0,0.0,8115.05
2020-06-14 15:47:30,114,0.0,0.0,8123.55
2020-06-14 15:47:31,115,0.0,0.0,8124.15
2020-06-14 15:47:32,114,0.0,0.0,8124.15
2020-06-14 15:47:33,113,0.9,66.6,8127.89
2020-06-14 15:47:34,112,0.9,66.6,8127.89
2020-06-14 15:47:35,111,0.9,66.6,8127.89
2020-06-14 15:47:36,111,0.9,66.6,8127.89
2020-06-14 15:47:37,112,0.9,66.6,8127.89
2020-06-14 15:47:38,112,0.9,66.6,8127.89
